username,firstname,lastname,email,ip_address
dnichols0,Donald,Nichols,dnichols0@sun.com,222.117.252.255
chawkins1,Christina,Hawkins,chawkins1@theglobeandmail.com,72.134.40.135
dhughes2,Dorothy,Hughes,dhughes2@bing.com,38.10.35.62
shall3,Samuel,Hall,shall3@xinhuanet.com,104.184.141.152
sgraham4,Shirley,Graham,sgraham4@bloglines.com,245.215.252.216
rlewis5,Ronald,Lewis,rlewis5@clickbank.net,61.236.245.118
lnguyen6,Laura,Nguyen,lnguyen6@wordpress.com,101.114.116.36
mbrown7,Mildred,Brown,mbrown7@twitter.com,181.155.94.127
ahunt8,Anne,Hunt,ahunt8@admin.ch,122.200.40.215
ewalker9,Ernest,Walker,ewalker9@freewebs.com,186.20.178.238
wweavera,Wanda,Weaver,wweavera@tripod.com,153.129.169.50
bburkeb,Bonnie,Burke,bburkeb@blogs.com,30.206.176.110
jwarrenc,Janet,Warren,jwarrenc@uiuc.edu,80.243.53.255
ewardd,Earl,Ward,ewardd@geocities.com,201.221.128.114
eweavere,Earl,Weaver,eweavere@over-blog.com,212.180.149.11
psanchezf,Pamela,Sanchez,psanchezf@yahoo.co.jp,178.207.93.138
pmillerg,Pamela,Miller,pmillerg@europa.eu,18.107.33.124
jmooreh,Julia,Moore,jmooreh@rambler.ru,212.85.251.247
wfranklini,Wanda,Franklin,wfranklini@ask.com,180.148.118.59
rbryantj,Rachel,Bryant,rbryantj@unblog.fr,171.240.231.171
mhicksk,Margaret,Hicks,mhicksk@taobao.com,249.98.180.184
bfrazierl,Brandon,Frazier,bfrazierl@blogger.com,243.132.173.177
dfieldsm,Donna,Fields,dfieldsm@ovh.net,47.203.250.193
jpiercen,Julie,Pierce,jpiercen@theguardian.com,223.94.108.85
awelcho,Antonio,Welch,awelcho@wikia.com,3.61.228.238
tbradleyp,Tammy,Bradley,tbradleyp@oaic.gov.au,188.102.48.108
swheelerq,Stephen,Wheeler,swheelerq@tiny.cc,21.6.165.162
dcookr,Diana,Cook,dcookr@exblog.jp,74.19.51.68
twilliamss,Theresa,Williams,twilliamss@bloomberg.com,200.148.113.69
eblackt,Eric,Black,eblackt@ibm.com,48.24.59.47
ssnyderu,Sharon,Snyder,ssnyderu@wordpress.com,243.107.127.86
ekellyv,Earl,Kelly,ekellyv@discuz.net,4.10.154.231
nrossw,Norma,Ross,nrossw@soundcloud.com,92.109.157.208
ecampbellx,Edward,Campbell,ecampbellx@prlog.org,20.230.220.69
lburtony,Louise,Burton,lburtony@miitbeian.gov.cn,247.127.178.28
dwellsz,Dorothy,Wells,dwellsz@usda.gov,191.213.20.1
jwalker10,Jeremy,Walker,jwalker10@twitter.com,197.132.80.31
fdean11,Fred,Dean,fdean11@stumbleupon.com,130.189.213.86
rknight12,Ronald,Knight,rknight12@mapquest.com,154.134.178.193
tgilbert13,Teresa,Gilbert,tgilbert13@mail.ru,82.49.162.13
lgriffin14,Lillian,Griffin,lgriffin14@sogou.com,96.202.72.170
dbarnes15,Douglas,Barnes,dbarnes15@imgur.com,75.37.145.41
fowens16,Frances,Owens,fowens16@nih.gov,170.2.41.45
twright17,Teresa,Wright,twright17@behance.net,127.124.23.143
tbutler18,Teresa,Butler,tbutler18@dot.gov,184.51.248.251
bperkins19,Brenda,Perkins,bperkins19@amazonaws.com,91.170.32.124
medwards1a,Matthew,Edwards,medwards1a@shinystat.com,82.183.25.211
pwelch1b,Peter,Welch,pwelch1b@g.co,243.152.203.101
bharvey1c,Brenda,Harvey,bharvey1c@fc2.com,63.196.38.180
apalmer1d,Antonio,Palmer,apalmer1d@auda.org.au,150.13.223.91
kgrant1e,Kenneth,Grant,kgrant1e@bluehost.com,125.207.170.159
esmith1f,Evelyn,Smith,esmith1f@histats.com,225.55.46.112
rhayes1g,Rose,Hayes,rhayes1g@nationalgeographic.com,184.159.235.127
bburns1h,Barbara,Burns,bburns1h@rambler.ru,187.247.85.225
mford1i,Melissa,Ford,mford1i@instagram.com,243.78.187.69
mkim1j,Michelle,Kim,mkim1j@deliciousdays.com,158.66.114.158
awhite1k,Angela,White,awhite1k@illinois.edu,163.1.144.138
wturner1l,Wayne,Turner,wturner1l@twitter.com,72.174.156.42
vramos1m,Victor,Ramos,vramos1m@biglobe.ne.jp,242.92.117.79
pelliott1n,Peter,Elliott,pelliott1n@hibu.com,72.117.36.140
vchapman1o,Virginia,Chapman,vchapman1o@macromedia.com,228.202.79.246
mmurphy1p,Melissa,Murphy,mmurphy1p@boston.com,238.33.5.116
jgeorge1q,Juan,George,jgeorge1q@linkedin.com,194.13.86.204
dbowman1r,Donald,Bowman,dbowman1r@cafepress.com,228.188.230.172
cwalker1s,Cynthia,Walker,cwalker1s@loc.gov,159.225.7.34
cwilliams1t,Catherine,Williams,cwilliams1t@ning.com,185.106.99.52
creynolds1u,Cynthia,Reynolds,creynolds1u@instagram.com,230.61.65.13
amarshall1v,Ann,Marshall,amarshall1v@examiner.com,227.75.86.214
dford1w,Donna,Ford,dford1w@google.ca,52.49.172.125
jcole1x,Jesse,Cole,jcole1x@yellowbook.com,190.229.232.157
kstevens1y,Kathleen,Stevens,kstevens1y@telegraph.co.uk,28.154.56.64
lgardner1z,Lillian,Gardner,lgardner1z@naver.com,147.208.99.1
lburke20,Lori,Burke,lburke20@spotify.com,244.113.230.125
eprice21,Earl,Price,eprice21@jimdo.com,10.153.168.13
aellis22,Angela,Ellis,aellis22@hud.gov,135.220.147.140
eturner23,Edward,Turner,eturner23@cornell.edu,223.9.152.72
jcarpenter24,Janet,Carpenter,jcarpenter24@deviantart.com,69.46.143.27
irivera25,Irene,Rivera,irivera25@yale.edu,156.178.60.198
espencer26,Earl,Spencer,espencer26@furl.net,253.224.126.98
danderson27,Doris,Anderson,danderson27@aol.com,72.196.244.209
pmorris28,Patricia,Morris,pmorris28@dot.gov,76.147.123.222
jhawkins29,Jacqueline,Hawkins,jhawkins29@forbes.com,146.196.1.189
scox2a,Stephen,Cox,scox2a@issuu.com,10.62.4.45
jcarpenter2b,Julie,Carpenter,jcarpenter2b@utexas.edu,242.85.24.85
cmitchell2c,Carlos,Mitchell,cmitchell2c@bluehost.com,182.61.38.212
ifreeman2d,Irene,Freeman,ifreeman2d@istockphoto.com,122.218.82.41
mkelly2e,Mildred,Kelly,mkelly2e@cnn.com,70.243.188.182
amarshall2f,Anne,Marshall,amarshall2f@biblegateway.com,45.71.156.204
ddiaz2g,Dennis,Diaz,ddiaz2g@noaa.gov,154.112.35.146
rstevens2h,Rose,Stevens,rstevens2h@discuz.net,127.24.164.180
jrichards2i,Joseph,Richards,jrichards2i@github.com,1.30.200.233
rjohnston2j,Rose,Johnston,rjohnston2j@shareasale.com,160.38.157.36
jcarpenter2k,Jessica,Carpenter,jcarpenter2k@mlb.com,165.0.69.205
jbradley2l,Jonathan,Bradley,jbradley2l@dyndns.org,148.65.236.6
jcox2m,John,Cox,jcox2m@intel.com,45.131.87.3
gwoods2n,Gregory,Woods,gwoods2n@washington.edu,133.66.48.174
ngonzalez2o,Nancy,Gonzalez,ngonzalez2o@51.la,226.166.25.9
epayne2p,Ernest,Payne,epayne2p@ted.com,112.93.229.166
sjenkins2q,Shawn,Jenkins,sjenkins2q@slate.com,46.88.124.227
jjones2r,Juan,Jones,jjones2r@ow.ly,66.64.78.65
